{
    "4_10.wav": -1.5126982927322388,
    "4_11.wav": -1.4613360166549683,
    "4_12.wav": -1.403235673904419,
    "4_13.wav": -1.369422435760498,
    "5_8.wav": -1.4421303272247314,
    "5_9.wav": -1.4244284629821777,
    "5_10.wav": -1.390682578086853,
    "5_11.wav": -1.3696380853652954,
    "5_12.wav": -1.3757706880569458,
    "5_13.wav": -1.3733134269714355,
    "5_14.wav": -1.3655269145965576,
    "6_7.wav": -1.4131940603256226,
    "6_8.wav": -1.400325059890747,
    "6_9.wav": -1.3365885019302368,
    "6_10.wav": -1.3102847337722778,
    "6_11.wav": -1.2661778926849365,
    "6_12.wav": -1.3435977697372437,
    "6_13.wav": -1.351783037185669,
    "7_6.wav": -1.4120022058486938,
    "7_7.wav": -1.4158703088760376,
    "7_8.wav": -1.3505613803863525,
    "7_9.wav": -1.3014556169509888,
    "7_10.wav": -1.2705343961715698,
    "7_11.wav": -1.278495192527771,
    "7_12.wav": -1.2918360233306885,
    "7_13.wav": -1.3612111806869507,
    "8_6.wav": -1.428390383720398,
    "8_7.wav": -1.3718475103378296,
    "8_8.wav": -1.3401446342468262,
    "8_9.wav": -1.298058032989502,
    "8_10.wav": -1.2932783365249634,
    "8_11.wav": -1.305655837059021,
    "8_12.wav": -1.33012056350708,
    "8_13.wav": -1.3878639936447144,
    "9_5.wav": -1.511391282081604,
    "9_6.wav": -1.4388329982757568,
    "9_7.wav": -1.4318161010742188,
    "9_8.wav": -1.4242500066757202,
    "9_9.wav": -1.3646425008773804,
    "9_10.wav": -1.3751437664031982,
    "9_11.wav": -1.3311949968338013,
    "9_12.wav": -1.420015573501587,
    "9_13.wav": -1.4197382926940918,
    "10_4.wav": -1.5663524866104126,
    "10_5.wav": -1.5082848072052002,
    "10_6.wav": -1.4312717914581299,
    "10_7.wav": -1.4131855964660645,
    "10_8.wav": -1.4349933862686157,
    "10_9.wav": -1.4945234060287476,
    "10_10.wav": -1.457548975944519,
    "11_3.wav": -1.7373454570770264,
    "11_5.wav": -1.4581745862960815,
    "11_6.wav": -1.4759881496429443,
    "11_7.wav": -1.4517091512680054,
    "11_8.wav": -1.4287762641906738,
    "11_9.wav": -1.4973750114440918,
    "12_4.wav": -1.6615374088287354,
    "12_5.wav": -1.5169141292572021,
    "12_6.wav": -1.5499858856201172,
    "12_7.wav": -1.451400876045227,
    "12_8.wav": -1.4688570499420166,
    "13_7.wav": -1.4949477910995483,
    "13_9.wav": -1.4400959014892578,
    "3_11.wav": -1.5798856019973755,
    "4_9.wav": -1.4505131244659424,
    "6_6.wav": -1.4221469163894653,
    "7_5.wav": -1.5154515504837036,
    "7_14.wav": -1.372564673423767,
    "7_15.wav": -1.4355380535125732,
    "8_5.wav": -1.4816975593566895,
    "10_11.wav": -1.4054133892059326,
    "11_4.wav": -1.6042659282684326,
    "13_8.wav": -1.5050073862075806,
    "13_10.wav": -1.4134505987167358,
    "14_8.wav": -1.529682993888855,
    "3_10.wav": -1.584490180015564,
    "3_12.wav": -1.4505743980407715,
    "5_15.wav": -1.447311520576477,
    "6_14.wav": -1.3803962469100952,
    "8_14.wav": -1.412971019744873,
    "9_4.wav": -1.59750235080719,
    "9_14.wav": -1.4116843938827515,
    "10_12.wav": -1.4072291851043701,
    "12_9.wav": -1.4805272817611694,
    "3_13.wav": -1.470272421836853,
    "4_14.wav": -1.383000373840332,
    "6_15.wav": -1.4358774423599243,
    "8_4.wav": -1.6175211668014526,
    "11_12.wav": -1.412899374961853,
    "13_6.wav": -1.532119870185852,
    "14_7.wav": -1.5539510250091553,
    "4_8.wav": -1.4927119016647339,
    "11_11.wav": -1.4443295001983643,
    "5_7.wav": -1.4747066497802734,
    "7_16.wav": -1.4740078449249268,
    "10_3.wav": -1.7207257747650146,
    "11_10.wav": -1.493330955505371,
    "6_16.wav": -1.4655191898345947,
    "8_15.wav": -1.4094793796539307,
    "8_16.wav": -1.4282217025756836,
    "9_3.wav": -1.7198742628097534,
    "10_13.wav": -1.3683233261108398,
    "4_7.wav": -1.5391205549240112,
    "7_17.wav": -1.4433537721633911,
    "3_9.wav": -1.6000370979309082,
    "4_15.wav": -1.4661738872528076,
    "6_5.wav": -1.6458207368850708,
    "9_15.wav": -1.4299249649047852,
    "9_16.wav": -1.4713129997253418,
    "13_5.wav": -1.6394920349121094,
    "15_7.wav": -1.5915437936782837,
    "12_10.wav": -1.480500340461731,
    "14_5.wav": -1.6672812700271606,
    "7_4.wav": -1.6841315031051636,
    "8_3.wav": -1.7660270929336548,
    "14_9.wav": -1.5957685708999634,
    "9_17.wav": -1.4686400890350342,
    "10_15.wav": -1.5019562244415283,
    "12_11.wav": -1.4786219596862793,
    "3_8.wav": -1.6610620021820068,
    "8_17.wav": -1.4549918174743652,
    "11_15.wav": -1.6014068126678467,
    "15_8.wav": -1.5913491249084473,
    "10_14.wav": -1.4186445474624634,
    "15_9.wav": -1.760725975036621,
    "13_4.wav": -1.68992018699646,
    "13_11.wav": -1.4980612993240356,
    "5_6.wav": -1.536393165588379,
    "10_16.wav": -1.494981288909912,
    "12_15.wav": -1.6779003143310547,
    "13_3.wav": -1.7569458484649658,
    "5_16.wav": -1.504951000213623,
    "11_13.wav": -1.4041186571121216,
    "12_3.wav": -1.7733492851257324,
    "12_12.wav": -1.414176344871521,
    "14_6.wav": -1.6192785501480103,
    "3_14.wav": -1.4707708358764648,
    "6_17.wav": -1.4753437042236328,
    "11_14.wav": -1.4744539260864258,
    "12_13.wav": -1.4543074369430542,
    "16_9.wav": -1.7965439558029175,
    "13_12.wav": -1.5179452896118164,
    "15_6.wav": -1.6044114828109741,
    "15_10.wav": -1.7471174001693726,
    "16_8.wav": -1.6454102993011475,
    "17_9.wav": -1.7713838815689087,
    "12_14.wav": -1.483124852180481,
    "13_13.wav": -1.508941650390625,
    "17_8.wav": -1.8216739892959595,
    "16_10.wav": -1.7904917001724243,
    "2_10.wav": -1.6844149827957153,
    "5_5.wav": -1.7169039249420166,
    "14_10.wav": -1.5792851448059082,
    "17_7.wav": -1.8515385389328003,
    "4_6.wav": -1.6838101148605347,
    "16_7.wav": -1.6674555540084839,
    "16_6.wav": -1.7431976795196533,
    "2_12.wav": -1.6275196075439453,
    "2_13.wav": -1.6185661554336548,
    "10_17.wav": -1.527362585067749,
    "6_4.wav": -1.7587504386901855,
    "7_3.wav": -1.800991177558899,
    "14_11.wav": -1.6460461616516113,
    "2_11.wav": -1.658481478691101,
    "11_16.wav": -1.5224217176437378,
    "17_10.wav": -1.77154541015625,
    "11_17.wav": -1.521436095237732,
    "14_12.wav": -1.7049896717071533,
    "12_16.wav": -1.643006682395935,
    "13_14.wav": -1.7005195617675781,
    "15_5.wav": -1.7320094108581543,
    "12_2.wav": -1.9599676132202148,
    "17_6.wav": -1.8332942724227905,
    "18_8.wav": -1.883391261100769,
    "15_11.wav": -1.7339236736297607,
    "3_15.wav": -1.572935938835144,
    "12_17.wav": -1.6405807733535767,
    "16_11.wav": -1.7978860139846802,
    "18_7.wav": -1.955051302909851,
    "2_9.wav": -1.6892176866531372,
    "14_13.wav": -1.696897268295288,
    "3_7.wav": -1.7366943359375,
    "13_15.wav": -1.7420854568481445,
    "14_4.wav": -1.7520859241485596,
    "11_2.wav": -1.9296603202819824,
    "18_9.wav": -1.7823339700698853,
    "16_5.wav": -1.7953537702560425,
    "15_4.wav": -1.760503888130188,
    "14_3.wav": -1.8321332931518555,
    "15_12.wav": -1.831156611442566,
    "4_16.wav": -1.5599476099014282,
    "10_2.wav": -1.9073050022125244,
    "14_2.wav": -2.0575828552246094,
    "2_14.wav": -1.6573573350906372,
    "14_14.wav": -1.699104905128479,
    "17_5.wav": -1.8537898063659668,
    "15_3.wav": -1.8915023803710938,
    "2_8.wav": -1.8212890625,
    "5_17.wav": -1.584235668182373,
    "3_6.wav": -1.8494515419006348,
    "13_16.wav": -1.9426273107528687,
    "4_5.wav": -1.8668079376220703,
    "5_4.wav": -1.8979120254516602,
    "16_4.wav": -1.8194606304168701,
    "8_18.wav": -1.574947476387024,
    "9_18.wav": -1.552398443222046,
    "18_10.wav": -1.782362937927246,
    "10_18.wav": -1.6155619621276855,
    "6_3.wav": -2.0775630474090576,
    "7_18.wav": -1.6010991334915161
}