{
    "3_7.wav": 0.5487150212049934,
    "3_8.wav": 0.6688400127153604,
    "3_9.wav": 0.618043474154744,
    "3_10.wav": 0.6515159370002922,
    "4_6.wav": 0.6782262313383801,
    "4_7.wav": 0.767835764482912,
    "4_8.wav": 0.7134988982566212,
    "4_9.wav": 0.7302820487162268,
    "4_10.wav": 0.7539794777941341,
    "4_11.wav": 0.8497399258699312,
    "5_5.wav": 0.6013049319442887,
    "5_6.wav": 0.8216642574193365,
    "5_7.wav": 0.8175546722318472,
    "5_8.wav": 0.8358547041006233,
    "5_9.wav": 0.8403792263804344,
    "5_10.wav": 0.7992634816376774,
    "5_11.wav": 0.8195759081696994,
    "6_4.wav": 0.6955790411959191,
    "6_5.wav": 0.7628529024899843,
    "6_6.wav": 0.7481775922717615,
    "6_7.wav": 0.8698562368561392,
    "6_8.wav": 0.8494807157735171,
    "6_9.wav": 0.8677248868618257,
    "6_10.wav": 0.7420005553927957,
    "7_3.wav": 0.7533300459866842,
    "7_4.wav": 0.74105293150544,
    "7_5.wav": 0.8128119312197061,
    "7_6.wav": 0.8011392384206429,
    "7_7.wav": 0.8244745771158074,
    "7_8.wav": 0.8653859678523218,
    "7_9.wav": 0.7481765875814653,
    "8_3.wav": 0.7812202486086044,
    "8_4.wav": 0.7399996141989262,
    "8_5.wav": 0.8023697830954025,
    "8_6.wav": 0.7967967660224994,
    "8_7.wav": 0.8282640679749342,
    "9_3.wav": 0.5816334978212286,
    "9_4.wav": 0.6760615256262336,
    "9_5.wav": 0.727839244730098,
    "9_6.wav": 0.8054521729240788,
    "9_7.wav": 0.7270254455901932,
    "10_7.wav": 0.7501570330932927,
    "2_9.wav": 0.4289559379004947,
    "2_10.wav": 0.4800416263283513,
    "3_11.wav": 0.5641647467035107,
    "4_12.wav": 0.7324660444820601,
    "5_12.wav": 0.695164706917775,
    "6_3.wav": 0.715449805873741,
    "7_10.wav": 0.6923574012921925,
    "9_2.wav": 0.4266541924319493,
    "10_5.wav": 0.5772186877217602,
    "2_8.wav": 0.443584831427034,
    "4_5.wav": 0.6149307426791232,
    "6_11.wav": 0.6751124951724631,
    "8_8.wav": 0.7964724519948929,
    "8_9.wav": 0.5280965660087553,
    "10_6.wav": 0.5808562694081048,
    "3_6.wav": 0.3914868170567477,
    "3_12.wav": 0.5587751860786897,
    "5_4.wav": 0.5892271480178063,
    "4_4.wav": 0.41763649420956794,
    "5_13.wav": 0.5460700735312733,
    "7_2.wav": 0.37219294554699156,
    "7_11.wav": 0.4532007222517601,
    "6_13.wav": 0.7282332842642593,
    "7_12.wav": 0.7100098097960519,
    "4_13.wav": 0.4564394418905217,
    "6_12.wav": 0.8987217928175897,
    "9_8.wav": 1.0,
    "2_7.wav": 0.42648279226742125,
    "2_11.wav": 0.2854202559227498,
    "7_13.wav": 0.4560331451347471,
    "8_2.wav": 0.23394916829727902,
    "3_5.wav": 0.40896059162594656,
    "8_10.wav": 0.31045814279381867,
    "8_12.wav": 0.49400179799375404,
    "2_6.wav": 0.06947413304269652,
    "8_11.wav": 0.1785175915242719,
    "8_13.wav": 0.3734729209843232,
    "9_9.wav": 0.3512341012784081,
    "5_3.wav": 0.5031251896352934,
    "10_8.wav": 0.45415397240477445,
    "7_14.wav": 0.4410765216335943,
    "10_3.wav": 0.0
}