{
    "4_10.wav": -1.2293548583984375,
    "4_11.wav": -1.1613266468048096,
    "4_12.wav": -1.1455885171890259,
    "4_13.wav": -1.1210334300994873,
    "5_8.wav": -1.194074273109436,
    "5_9.wav": -1.163434624671936,
    "5_10.wav": -1.1400549411773682,
    "5_11.wav": -1.0895296335220337,
    "5_12.wav": -1.0628966093063354,
    "5_13.wav": -1.0742242336273193,
    "5_14.wav": -1.0845826864242554,
    "6_7.wav": -1.1707351207733154,
    "6_8.wav": -1.1731122732162476,
    "6_9.wav": -1.1166480779647827,
    "6_10.wav": -1.0841064453125,
    "6_11.wav": -1.0349624156951904,
    "6_12.wav": -1.0618014335632324,
    "6_13.wav": -1.0667515993118286,
    "7_6.wav": -1.155124306678772,
    "7_7.wav": -1.1196949481964111,
    "7_8.wav": -1.1267905235290527,
    "7_9.wav": -1.0777065753936768,
    "7_10.wav": -1.0393885374069214,
    "7_11.wav": -1.0318012237548828,
    "7_12.wav": -1.0421723127365112,
    "7_13.wav": -1.023777723312378,
    "8_6.wav": -1.1516456604003906,
    "8_7.wav": -1.1308541297912598,
    "8_8.wav": -1.0819135904312134,
    "8_9.wav": -1.0763734579086304,
    "8_10.wav": -1.0355006456375122,
    "8_11.wav": -1.0516325235366821,
    "8_12.wav": -1.1023964881896973,
    "8_13.wav": -1.0163123607635498,
    "9_5.wav": -1.1538660526275635,
    "9_6.wav": -1.1328747272491455,
    "9_7.wav": -1.1196542978286743,
    "9_8.wav": -1.0985918045043945,
    "9_9.wav": -1.048187494277954,
    "9_10.wav": -0.9545720815658569,
    "9_11.wav": -1.0306925773620605,
    "9_12.wav": -1.1394379138946533,
    "9_13.wav": -1.0740522146224976,
    "10_4.wav": -1.2389508485794067,
    "10_5.wav": -1.2116127014160156,
    "10_6.wav": -1.1555638313293457,
    "10_7.wav": -1.0815749168395996,
    "10_8.wav": -0.9953406453132629,
    "10_9.wav": -0.9790801405906677,
    "10_10.wav": -0.9696806073188782,
    "11_3.wav": -1.3169724941253662,
    "11_5.wav": -1.207523226737976,
    "11_6.wav": -1.1897714138031006,
    "11_7.wav": -1.013686180114746,
    "11_8.wav": -0.9501380920410156,
    "11_9.wav": -0.9098150730133057,
    "12_4.wav": -1.308622121810913,
    "12_5.wav": -1.233188509941101,
    "12_6.wav": -1.138502836227417,
    "12_7.wav": -1.055854320526123,
    "12_8.wav": -0.9952084422111511,
    "13_7.wav": -0.9825239181518555,
    "13_9.wav": -0.912616491317749,
    "3_11.wav": -1.3487637042999268,
    "4_8.wav": -1.2562161684036255,
    "4_14.wav": -1.17747962474823,
    "6_14.wav": -1.0645486116409302,
    "8_4.wav": -1.2493081092834473,
    "8_5.wav": -1.1790828704833984,
    "8_14.wav": -1.059557557106018,
    "11_4.wav": -1.2678989171981812,
    "13_6.wav": -1.1251063346862793,
    "4_9.wav": -1.2182319164276123,
    "5_7.wav": -1.2573660612106323,
    "5_15.wav": -1.1736582517623901,
    "7_5.wav": -1.208162784576416,
    "7_14.wav": -1.0413436889648438,
    "9_4.wav": -1.232026219367981,
    "12_9.wav": -0.9302797913551331,
    "6_15.wav": -1.1468826532363892,
    "10_11.wav": -0.9546396732330322,
    "12_3.wav": -1.3647425174713135,
    "3_10.wav": -1.3751624822616577,
    "6_6.wav": -1.197231650352478,
    "10_3.wav": -1.312544822692871,
    "4_7.wav": -1.3545156717300415,
    "7_15.wav": -1.0946847200393677,
    "10_12.wav": -1.1181855201721191,
    "11_10.wav": -0.9524439573287964,
    "13_8.wav": -0.9949336051940918,
    "3_9.wav": -1.4653180837631226,
    "9_14.wav": -1.0928741693496704,
    "13_5.wav": -1.377424955368042,
    "5_6.wav": -1.3482327461242676,
    "7_16.wav": -1.127176284790039,
    "14_7.wav": -1.1363519430160522,
    "6_16.wav": -1.2219266891479492,
    "10_13.wav": -1.0966370105743408,
    "13_4.wav": -1.3867783546447754,
    "14_8.wav": -1.0561705827713013,
    "8_16.wav": -1.0877336263656616,
    "12_10.wav": -0.8902410268783569,
    "13_10.wav": -0.9543630480766296,
    "14_4.wav": -1.5570024251937866,
    "4_15.wav": -1.3662550449371338,
    "8_15.wav": -1.0785428285598755,
    "14_6.wav": -1.147879719734192,
    "15_7.wav": -1.4959944486618042,
    "8_3.wav": -1.439778447151184,
    "9_3.wav": -1.3255267143249512,
    "12_11.wav": -0.9915968775749207,
    "3_12.wav": -1.3248441219329834,
    "11_11.wav": -0.973343551158905,
    "14_9.wav": -0.9776272177696228,
    "15_8.wav": -1.3913034200668335,
    "9_15.wav": -1.1312845945358276,
    "10_14.wav": -1.147478699684143,
    "16_7.wav": -1.5798265933990479,
    "3_8.wav": -1.521571397781372,
    "6_5.wav": -1.375546932220459,
    "7_4.wav": -1.3157240152359009,
    "11_12.wav": -1.0229904651641846,
    "13_12.wav": -1.0247706174850464,
    "14_11.wav": -0.9379056692123413,
    "15_9.wav": -1.3761283159255981,
    "16_8.wav": -1.5545073747634888,
    "5_5.wav": -1.45867121219635,
    "11_13.wav": -1.11769437789917,
    "12_12.wav": -1.141242504119873,
    "3_13.wav": -1.3940625190734863,
    "9_16.wav": -1.081221580505371,
    "13_11.wav": -0.9605066776275635,
    "11_16.wav": -1.4242446422576904,
    "16_9.wav": -1.5567858219146729,
    "16_10.wav": -1.576675295829773,
    "17_8.wav": -1.577781081199646,
    "17_9.wav": -1.615746259689331,
    "10_16.wav": -1.2485357522964478,
    "15_10.wav": -1.1753852367401123,
    "7_17.wav": -1.2479462623596191,
    "10_15.wav": -1.21621835231781,
    "14_10.wav": -0.9369479417800903,
    "16_6.wav": -1.6026748418807983,
    "8_17.wav": -1.129353404045105,
    "9_17.wav": -1.1381049156188965,
    "11_14.wav": -1.1567940711975098,
    "17_7.wav": -1.5879019498825073,
    "14_5.wav": -1.5220528841018677,
    "10_17.wav": -1.4522393941879272,
    "5_16.wav": -1.276224970817566,
    "11_15.wav": -1.2536516189575195,
    "15_5.wav": -1.620932698249817,
    "15_6.wav": -1.5244181156158447,
    "17_6.wav": -1.6692204475402832,
    "3_14.wav": -1.3934396505355835,
    "12_16.wav": -1.4954804182052612,
    "4_6.wav": -1.5322084426879883,
    "2_12.wav": -1.4403815269470215,
    "12_13.wav": -1.1916594505310059,
    "9_2.wav": -1.5683434009552002,
    "2_11.wav": -1.452183723449707,
    "2_13.wav": -1.471312165260315,
    "6_4.wav": -1.409986972808838,
    "7_3.wav": -1.503982424736023,
    "2_10.wav": -1.4995017051696777,
    "3_15.wav": -1.4980262517929077,
    "4_16.wav": -1.417590856552124,
    "11_17.wav": -1.5307788848876953,
    "3_7.wav": -1.542255163192749,
    "13_13.wav": -1.263055443763733,
    "14_12.wav": -1.0305880308151245,
    "13_3.wav": -1.495200276374817,
    "14_13.wav": -1.414010763168335,
    "10_18.wav": -1.7680548429489136,
    "18_8.wav": -1.6959697008132935,
    "2_9.wav": -1.5682114362716675,
    "10_2.wav": -1.5758042335510254,
    "11_2.wav": -1.5453733205795288,
    "18_7.wav": -1.7072875499725342,
    "12_14.wav": -1.4894077777862549,
    "13_14.wav": -1.563626766204834,
    "9_18.wav": -1.7631728649139404,
    "15_13.wav": -1.7241764068603516,
    "15_11.wav": -1.1060450077056885,
    "2_14.wav": -1.5852468013763428,
    "16_11.wav": -1.6566425561904907,
    "12_2.wav": -1.587489128112793,
    "8_18.wav": -1.7552868127822876,
    "17_10.wav": -1.7648768424987793,
    "12_15.wav": -1.4988059997558594,
    "15_12.wav": -1.1041885614395142,
    "18_9.wav": -1.7394320964813232,
    "5_17.wav": -1.5055433511734009,
    "13_2.wav": -1.630459189414978,
    "19_8.wav": -1.8162304162979126,
    "14_3.wav": -1.6510714292526245,
    "19_7.wav": -1.8031736612319946,
    "6_17.wav": -1.4099252223968506,
    "15_4.wav": -1.604816198348999,
    "14_14.wav": -1.661016821861267,
    "19_9.wav": -1.8853726387023926,
    "13_15.wav": -1.54716157913208,
    "16_4.wav": -1.7909361124038696,
    "15_14.wav": -1.6617991924285889,
    "14_15.wav": -1.6451051235198975,
    "16_5.wav": -1.749985694885254,
    "16_12.wav": -1.8807964324951172,
    "17_5.wav": -1.7770788669586182,
    "13_16.wav": -1.6590806245803833,
    "16_13.wav": -1.8657392263412476,
    "2_8.wav": -1.6481819152832031,
    "18_6.wav": -1.782755732536316,
    "12_17.wav": -1.5080546140670776,
    "15_3.wav": -1.800715446472168,
    "13_17.wav": -1.6734498739242554,
    "19_6.wav": -1.9129878282546997,
    "16_14.wav": -2.1249403953552246,