{
    "3_7.wav": 0.542006327166253,
    "3_8.wav": 0.5647189819270143,
    "3_9.wav": 0.5827009572729681,
    "3_10.wav": 0.5763951303700922,
    "4_6.wav": 0.5544368412133329,
    "4_7.wav": 0.6339842610057025,
    "4_8.wav": 0.690258965983681,
    "4_9.wav": 0.7206003894676114,
    "4_10.wav": 0.6830672623901908,
    "4_11.wav": 0.6095122845034594,
    "5_5.wav": 0.5625966465162349,
    "5_6.wav": 0.6745076379333868,
    "5_7.wav": 0.7177778199235381,
    "5_8.wav": 0.7807169116185053,
    "5_9.wav": 0.793826956713789,
    "5_10.wav": 0.7606085874977593,
    "5_11.wav": 0.6590460062439624,
    "6_4.wav": 0.6362196068738647,
    "6_5.wav": 0.7031087297397003,
    "6_6.wav": 0.7677612342073208,
    "6_7.wav": 0.8431067597652916,
    "6_8.wav": 0.9567900918852349,
    "6_9.wav": 0.9176154989266087,
    "6_10.wav": 0.8288819294002774,
    "7_3.wav": 0.570515209487201,
    "7_4.wav": 0.6665300980888189,
    "7_5.wav": 0.7332638744012838,
    "7_6.wav": 0.8196419418563888,
    "7_7.wav": 0.9300783646031083,
    "7_8.wav": 0.9838242587053597,
    "7_9.wav": 0.9925294165510887,
    "8_3.wav": 0.5284043023751651,
    "8_4.wav": 0.6656890536108346,
    "8_5.wav": 0.7636615828683194,
    "8_6.wav": 0.8241295190876449,
    "8_7.wav": 0.9620194073068921,
    "9_3.wav": 0.5094564767191239,
    "9_4.wav": 0.6681642224504891,
    "9_5.wav": 0.7848550325198725,
    "9_6.wav": 0.8712364281305004,
    "9_7.wav": 0.8911576903334824,
    "10_7.wav": 0.8026084908344188,
    "5_4.wav": 0.44362443477946994,
    "8_8.wav": 1.0,
    "10_5.wav": 0.6769877990063253,
    "2_10.wav": 0.4258605025637198,
    "3_6.wav": 0.4276116018033219,
    "3_11.wav": 0.5377641524613362,
    "6_3.wav": 0.5072019450132422,
    "7_10.wav": 0.9063388515049198,
    "4_5.wav": 0.4573500418160717,
    "7_2.wav": 0.34517397260022553,
    "8_9.wav": 0.9977947788336651,
    "10_4.wav": 0.5704456118820046,
    "10_6.wav": 0.7477578938159322,
    "6_11.wav": 0.6982992024050818,
    "9_8.wav": 0.9433407707004849,
    "4_4.wav": 0.2337059195283808,
    "5_12.wav": 0.5177581201794512,
    "4_12.wav": 0.4232455511921098,
    "2_7.wav": 0.33151571176949585,
    "2_8.wav": 0.4193567972376309,
    "6_12.wav": 0.5300915793382721,
    "7_11.wav": 0.6934085757513281,
    "3_5.wav": 0.1369839447085692,
    "3_12.wav": 0.4017775776533934,
    "11_6.wav": 0.6064723570376724,
    "6_13.wav": 0.46537774871079857,
    "11_4.wav": 0.4348037458879843,
    "11_7.wav": 0.6533578947948014,
    "2_9.wav": 0.4620923697752088,
    "4_13.wav": 0.35983077797470725,
    "5_13.wav": 0.4290968401488126,
    "7_13.wav": 0.3912990757638698,
    "10_3.wav": 0.4383098598442741,
    "7_12.wav": 0.4892642145583556,
    "8_2.wav": 0.34507226808292735,
    "8_11.wav": 0.7789827957607619,
    "11_5.wav": 0.5269959542109427,
    "9_9.wav": 0.9507597677387937,
    "8_10.wav": 0.9567860295777586,
    "10_8.wav": 0.8422699244251743,
    "11_8.wav": 0.6786477655167604,
    "12_6.wav": 0.3293020967991587,
    "2_11.wav": 0.37013895661100776,
    "8_12.wav": 0.38800850882114163,
    "12_7.wav": 0.36210586593528815,
    "2_6.wav": 0.13799208217118097,
    "10_9.wav": 0.8695352022802759,
    "12_5.wav": 0.2995328224043599,
    "11_3.wav": 0.25286219539576604,
    "12_4.wav": 0.238520488039747,
    "5_3.wav": 0.37526265203828113,
    "6_2.wav": 0.3067395516411661,
    "8_13.wav": 0.21913065396420642,
    "2_12.wav": 0.24691174698187074,
    "7_14.wav": 0.21201358915266016,
    "9_13.wav": 0.1547446466557237,
    "9_10.wav": 0.9165123132577442,
    "9_11.wav": 0.6140736195343152,
    "12_8.wav": 0.39217819825651146,
    "8_14.wav": 0.23551878541900806,
    "9_12.wav": 0.3402626918048453,
    "4_3.wav": 0.17828488644198762,
    "9_2.wav": 0.24975330658980913,
    "11_9.wav": 0.6819306972791717,
    "6_14.wav": 0.27507557788465126,
    "10_10.wav": 0.8028005449854668,
    "12_9.wav": 0.34818605123524127,
    "13_7.wav": 0.3116458402032622,
    "10_2.wav": 0.22040465232092962,
    "3_13.wav": 0.3270735051289691,
    "3_4.wav": 0.06705381762074811,
    "9_14.wav": 0.11096530581405521,
    "13_8.wav": 0.23688029468859415,
    "12_3.wav": 0.17582038727739135,
    "5_14.wav": 0.20387360595250403,
    "13_6.wav": 0.29939401874167576,
    "10_11.wav": 0.4213135569111535,
    "13_5.wav": 0.2235894034954198,
    "10_12.wav": 0.2556023441471877,
    "10_13.wav": 0.0,
    "13_4.wav": 0.12782143466751175,
    "4_14.wav": 0.012281774861291166,
    "11_10.wav": 0.433491865290458,
    "5_2.wav": 0.21620726088517925,
    "11_2.wav": 0.19762117636838278
}