{
    "4_10.wav": -1.053964376449585,
    "4_11.wav": -1.093333125114441,
    "4_12.wav": -1.0277040004730225,
    "4_13.wav": -1.1350324153900146,
    "5_8.wav": -1.160071611404419,
    "5_9.wav": -1.1032928228378296,
    "5_10.wav": -1.018723487854004,
    "5_11.wav": -1.042239785194397,
    "5_12.wav": -0.9605507254600525,
    "5_13.wav": -1.054381012916565,
    "5_14.wav": -1.1905517578125,
    "6_7.wav": -1.2013050317764282,
    "6_8.wav": -1.1181617975234985,
    "6_9.wav": -1.0971221923828125,
    "6_10.wav": -1.038766622543335,
    "6_11.wav": -1.0034538507461548,
    "6_12.wav": -0.9334169030189514,
    "6_13.wav": -1.0527516603469849,
    "7_6.wav": -1.2395838499069214,
    "7_7.wav": -1.1672672033309937,
    "7_8.wav": -1.0771803855895996,
    "7_9.wav": -1.031375527381897,
    "7_10.wav": -1.0284970998764038,
    "7_11.wav": -1.0001318454742432,
    "7_12.wav": -0.9930922389030457,
    "7_13.wav": -1.087955355644226,
    "8_6.wav": -1.1687887907028198,
    "8_7.wav": -1.144255518913269,
    "8_8.wav": -1.0588010549545288,
    "8_9.wav": -1.0471283197402954,
    "8_10.wav": -1.0172123908996582,
    "8_11.wav": -1.012312650680542,
    "8_12.wav": -1.0107333660125732,
    "8_13.wav": -1.1492397785186768,
    "9_5.wav": -1.2444849014282227,
    "9_6.wav": -1.1489120721817017,
    "9_7.wav": -1.140730857849121,
    "9_8.wav": -1.081945538520813,
    "9_9.wav": -1.0941102504730225,
    "9_10.wav": -1.025416374206543,
    "9_11.wav": -1.0466370582580566,
    "9_12.wav": -1.0513768196105957,
    "9_13.wav": -1.2225453853607178,
    "10_4.wav": -1.372304916381836,
    "10_5.wav": -1.2917721271514893,
    "10_6.wav": -1.1922392845153809,
    "10_7.wav": -1.1463587284088135,
    "10_8.wav": -1.1351886987686157,
    "10_9.wav": -1.2318965196609497,
    "10_10.wav": -1.3174868822097778,
    "11_3.wav": -1.6101350784301758,
    "11_5.wav": -1.3740382194519043,
    "11_6.wav": -1.2520514726638794,
    "11_7.wav": -1.2410084009170532,
    "11_8.wav": -1.2497918605804443,
    "11_9.wav": -1.390602707862854,
    "12_4.wav": -1.609481692314148,
    "12_5.wav": -1.4893152713775635,
    "12_6.wav": -1.432026982307434,
    "12_7.wav": -1.3836719989776611,
    "12_8.wav": -1.4284727573394775,
    "13_7.wav": -1.424926996231079,
    "13_9.wav": -1.5055135488510132,
    "3_12.wav": -1.2628093957901,
    "4_9.wav": -1.1515575647354126,
    "4_14.wav": -1.3484865427017212,
    "6_14.wav": -1.1084692478179932,
    "7_14.wav": -1.1489551067352295,
    "9_4.wav": -1.3419818878173828,
    "10_11.wav": -1.1218875646591187,
    "11_4.wav": -1.4805734157562256,
    "11_10.wav": -1.3754239082336426,
    "13_5.wav": -1.5168980360031128,
    "14_7.wav": -1.4846737384796143,
    "4_8.wav": -1.2238034009933472,
    "8_5.wav": -1.1945130825042725,
    "8_14.wav": -1.244089126586914,
    "13_6.wav": -1.4631208181381226,
    "14_8.wav": -1.4513500928878784,
    "3_11.wav": -1.202162504196167,
    "5_7.wav": -1.2161939144134521,
    "6_15.wav": -1.1954612731933594,
    "3_9.wav": -1.3140181303024292,
    "3_13.wav": -1.3361765146255493,
    "5_15.wav": -1.2570278644561768,
    "6_5.wav": -1.3405054807662964,
    "8_4.wav": -1.343159556388855,
    "8_15.wav": -1.2444742918014526,
    "10_12.wav": -1.1127268075942993,
    "6_6.wav": -1.213518738746643,
    "7_5.wav": -1.241627812385559,
    "7_15.wav": -1.206147313117981,
    "9_15.wav": -1.3126806020736694,
    "12_3.wav": -1.7530258893966675,
    "13_8.wav": -1.4592509269714355,
    "14_6.wav": -1.5024901628494263,
    "3_14.wav": -1.437699317932129,
    "4_15.wav": -1.3909029960632324,
    "5_6.wav": -1.331189513206482,
    "6_16.wav": -1.3736704587936401,
    "7_16.wav": -1.3336796760559082,
    "8_16.wav": -1.3434128761291504,
    "10_14.wav": -1.520090937614441,
    "12_9.wav": -1.469306468963623,
    "12_10.wav": -1.5218498706817627,
    "13_10.wav": -1.5927085876464844,
    "14_9.wav": -1.5556024312973022,
    "3_10.wav": -1.223624587059021,
    "9_16.wav": -1.4164962768554688,
    "10_3.wav": -1.4935301542282104,
    "15_8.wav": -1.5054570436477661,
    "4_7.wav": -1.4123297929763794,
    "7_4.wav": -1.3796403408050537,
    "9_3.wav": -1.523262619972229,
    "9_14.wav": -1.3143222332000732,
    "13_4.wav": -1.6192927360534668,
    "15_6.wav": -1.5890028476715088,
    "15_7.wav": -1.5133816003799438,
    "5_16.wav": -1.4697849750518799,
    "9_17.wav": -1.4035454988479614,
    "10_15.wav": -1.4240977764129639,
    "14_5.wav": -1.5623652935028076,
    "15_9.wav": -1.553019642829895,
    "11_11.wav": -1.4092903137207031,
    "7_17.wav": -1.4173839092254639,
    "17_9.wav": -1.789808750152588,
    "3_8.wav": -1.394370436668396,
    "10_13.wav": -1.3387327194213867,
    "10_16.wav": -1.4646211862564087,
    "11_12.wav": -1.3156843185424805,
    "16_7.wav": -1.6165885925292969,
    "16_9.wav": -1.8045525550842285,
    "8_17.wav": -1.3896911144256592,
    "11_16.wav": -1.602840542793274,
    "16_8.wav": -1.6774775981903076,
    "17_7.wav": -1.8134022951126099,
    "10_17.wav": -1.5125402212142944,
    "17_8.wav": -1.7914029359817505,
    "15_10.wav": -1.760880708694458,
    "4_6.wav": -1.5062159299850464,
    "8_3.wav": -1.548166275024414,
    "12_12.wav": -1.5443589687347412,
    "14_10.wav": -1.6406724452972412,
    "11_13.wav": -1.4219820499420166,
    "16_10.wav": -1.82301664352417,
    "12_11.wav": -1.5192768573760986,
    "18_8.wav": -1.882629632949829,
    "2_12.wav": -1.3873534202575684,
    "5_5.wav": -1.4250468015670776,
    "11_15.wav": -1.5900356769561768,
    "14_11.wav": -1.6712744235992432,
    "16_6.wav": -1.7412686347961426,
    "13_11.wav": -1.6368380784988403,
    "15_5.wav": -1.6696646213531494,
    "17_6.wav": -1.8036638498306274,
    "2_13.wav": -1.47398841381073,
    "16_5.wav": -1.8048964738845825,
    "2_11.wav": -1.3425477743148804,
    "11_14.wav": -1.5752718448638916,
    "11_17.wav": -1.578635573387146,
    "17_10.wav": -1.8430761098861694,
    "18_6.wav": -1.9742841720581055,
    "3_7.wav": -1.5049989223480225,
    "4_16.wav": -1.518059253692627,
    "6_17.wav": -1.4647207260131836,
    "15_11.wav": -1.7785927057266235,
    "13_12.wav": -1.6414576768875122,
    "12_13.wav": -1.5968081951141357,
    "14_4.wav": -1.758294939994812,
    "2_10.wav": -1.3502031564712524,
    "2_14.wav": -1.5611478090286255,
    "6_4.wav": -1.4969313144683838,
    "16_11.wav": -1.8773236274719238,
    "12_15.wav": -1.6416977643966675,
    "3_15.wav": -1.549126386642456,
    "2_9.wav": -1.4533638954162598,
    "12_14.wav": -1.6410517692565918,
    "13_14.wav": -1.7238531112670898,
    "14_12.wav": -1.7182974815368652,
    "5_17.wav": -1.597437858581543,
    "13_15.wav": -1.666321873664856,
    "13_3.wav": -1.7729291915893555,
    "13_13.wav": -1.6657719612121582,
    "18_7.wav": -1.890647292137146,
    "18_10.wav": -1.9112550020217896,
    "7_3.wav": -1.6354246139526367,
    "14_14.wav": -1.7805172204971313,
    "14_13.wav": -1.7492824792861938,
    "14_3.wav": -1.9025546312332153,
    "15_4.wav": -1.8392492532730103,
    "11_2.wav": -1.7295408248901367,
    "13_16.wav": -1.807942271232605,
    "10_2.wav": -1.8917627334594727,
    "14_15.wav": -1.8222973346710205,
    "16_4.wav": -1.8476094007492065,
    "17_11.wav": -1.9165977239608765,
    "4_5.wav": -1.6395964622497559,
    "15_13.wav": -1.8758788108825684,
    "8_18.wav": -1.6746591329574585,
    "9_18.wav": -1.6176272630691528,
    "17_5.wav": -1.8672024011611938,
    "12_16.wav": -1.5891849994659424,
    "15_12.wav": -1.8029111623764038,
    "15_14.wav": -1.9636425971984863,
    "18_9.wav": -1.8614088296890259,
    "15_15.wav": -1.9499984979629517,
    "11_18.wav": -1.7340413331985474,
    "12_17.wav": -1.7172694206237793,
    "15_3.wav": -2.0246388912200928,
    "12_18.wav": -1.8007371425628662,
    "10_18.wav": -1.6854606866836548,
    "3_6.wav": -1.730076789855957,
    "5_4.wav": -1.7035647630691528,
    "13_2.wav": -1.977892518043518,
    "12_2.wav": -1.8634138107299805,
    "13_17.wav": -1.8529078960418701,
    "19_7.wav": -2.038800001144409,